"コンテンツID※空欄で構いません。特定の値を設定したい場合に入力してください。",title,description,content,category,thumbnail
,次世代AI技術の研究開発に向けた新プロジェクト立ち上げ,当社は、最先端のAI技術開発を目指し、新たな研究プロジェクトを立ち上げます。このプロジェクトでは、AIの可能性を最大限に引き出すための革新的なアプローチに焦点を当てます。,当社は、AI技術の研究開発におけるリーダーとして、新しいプロジェクト「AI Next」を発表します。このプロジェクトは、AIの未来を形作るための重要な一歩であり、機械学習、自然言語処理、コンピュータビジョンの最新の研究に基づいています。私たちは、産業界や社会全体に革新をもたらすことを目指しています。プロジェクトの進捗については、当社のウェブサイトで定期的に更新を行います。,press-release,
,自律走行ロボットの試験運用開始,当社は、自律走行ロボットの試験運用を開始しました。このロボットは、最新の自律システム技術を搭載し、さまざまな環境での運用が可能です。,自律走行ロボット「AutoNav」の開発が完了し、今月より試験運用を開始します。このロボットは、高度なセンサー技術とAIによる意思決定アルゴリズムを組み合わせることで、複雑な環境下でも安定した走行を実現します。試験運用の結果は、今後の製品改良に役立てられます。,notice,
,新たなパートナーシップの発表,当社は、テクノロジー業界のリーディングカンパニーとの新たなパートナーシップを発表します。この協力関係により、製品開発とイノベーションの加速が期待されます。,当社は、世界的に有名なテクノロジー企業との間で戦略的パートナーシップを結びました。このパートナーシップにより、当社の製品開発能力とイノベーションのスピードが大幅に向上することが期待されます。双方の強みを生かし、新しい価値を創造していくための共同プロジェクトが既に計画されています。,press-release,
,次世代自律システムの公開セミナー開催,当社は、次世代自律システムに関する公開セミナーを開催します。このセミナーでは、自律技術の最新動向や将来の展望について議論します。,次世代自律システムの開発に向けた公開セミナーを、来月開催します。このセミナーでは、自律技術の最前線にいる当社の研究者が登壇し、技術の最新動向や研究の進捗、将来のビジョンについて発表します。参加者は、最新の自律システム技術について深く学ぶことができます。,important,
,最新製品アップデートのお知らせ,当社のフラッグシップ製品が最新のアップデートを受け、新機能が追加されました。このアップデートにより、製品の性能とユーザー体験がさらに向上します。,当社は、フラッグシップ製品の最新アップデートを実施しました。このアップデートにより、新たな機能が追加され、既存の機能も改善されています。特に、AIの応用による性能の向上が図られ、ユーザー体験が大きく改善されました。詳細なアップデート内容と利用方法については、当社のウェブサイトをご覧ください。,notice,
,社会貢献プログラム「Tech for Good」の立ち上げ,当社は、テクノロジーを活用して社会問題を解決するための新しいイニシアチブ「Tech for Good」を立ち上げました。,「Tech for Good」プログラムは、当社のテクノロジーとイノベーションを社会的な課題解決に役立てることを目的としています。このプログラムを通じて、環境保護、教育の向上、健康問題の解決など、様々な分野でのプロジェクトをサポートします。当社は、技術の力で社会に貢献し、より良い未来を創造することにコミットしています。,important,
,年次技術イノベーションカンファレンスの開催予告,当社は、年に一度の技術イノベーションカンファレンスを開催します。最新のテクノロジー動向と未来の展望を共有します。,当社主催の技術イノベーションカンファレンスが今年も開催されます。このカンファレンスでは、AI、ロボット工学、自律システムなど、様々な分野の最新技術とその社会への応用について、業界のリーダーたちが議論します。また、新しいビジネスモデルや社会変革への影響についても探求します。,important,
,新製品「SmartBot」の発売,当社は、家庭用自律型ロボット「SmartBot」を発売します。日常生活をサポートする多機能を備えたこのロボットは、新しい生活のパートナーとなります。,「SmartBot」は、最新のAIとロボット工学の技術を駆使して開発された、家庭用の自律型ロボットです。清掃、セキュリティ監視、健康管理など、日常生活の様々な面でサポートを提供します。ユーザーフレンドリーなインターフェースと高度な自律性を兼ね備え、家庭内での新しい生活のパートナーとなることでしょう。,press-release,
,国際ロボティクスフェアへの出展決定,当社は、世界最大級のロボティクスイベントに出展します。最新のロボット技術と革新的な製品を展示予定です。,国際ロボティクスフェアにおいて、当社は最新のロボット技術とその応用製品を展示します。このイベントは、ロボット工学における最新のトレンドとイノベーションを知る絶好の機会です。当社のブースでは、実際に製品を体験していただき、当社技術の可能性を直接感じていただけます。,press-release,
,最新研究論文の発表,当社の研究チームが、AI技術に関する革新的な研究成果を国際科学雑誌に発表しました。,最新の研究論文では、AIの進化に欠かせない新しい学習アルゴリズムについて解説しています。この研究は、AI技術の発展と応用範囲の拡大に大きく貢献するものです。研究成果の詳細については、当社ウェブサイトまたは国際科学雑誌の公式サイトでご覧いただけます。,press-release,
,「次世代エネルギーソリューション」開発の進捗報告,当社は、持続可能な未来を支える次世代エネルギーソリューションの開発に取り組んでいます。最新の進捗を報告します。,私たちは、再生可能エネルギーの利用を最大化し、環境負荷を最小限に抑えるための革新的なソリューションを開発中です。このプロジェクトでは、AIを活用してエネルギー消費を最適化し、ロボット技術を用いてメンテナンスの効率を向上させています。開発途中の成果物には、太陽光発電の効率を高める新材料や、風力タービンの自動調整システムが含まれます。詳細は、当社ウェブサイトで定期的に更新されます。,notice,
,新オフィス開設のお知らせ,当社は、技術開発と顧客サービスの強化を目的として、新たなオフィスを開設しました。,新しいオフィスは、最先端の設備を備え、より効率的な製品開発と顧客サポートを可能にします。この新拠点は、当社の成長戦略の一環として、イノベーションの加速と市場への迅速な対応を目指します。オフィスの開設に伴い、地域社会への貢献と新たな雇用機会の創出にも注力していきます。,notice,
,技術研修プログラムの開始,当社は、若手技術者を対象とした研修プログラムを新たに開始します。最先端技術の学習と実践を通じて、未来のイノベーターを育成します。,この研修プログラムでは、AI、ロボット工学、自律システムなど、当社が先導する技術分野の知識とスキルを、実践的なプロジェクトを通じて学べます。プログラムの修了者には、当社でのキャリア機会が提供されるほか、技術革新を推進するグローバルなネットワークへの参加機会も与えられます。,notice,
,環境持続可能性イニシアチブの強化,当社は、環境への影響を最小限に抑えるための取り組みを強化します。持続可能な製造プロセスと製品ライフサイクルを目指します。,私たちの環境イニシアチブは、製造過程でのエネルギー消費の削減、廃棄物の最小化、リサイクル材料の使用拡大などを含みます。また、製品設計においても、環境負荷の低減と効率的なリサイクルを考慮しています。これらの取り組みを通じて、当社は地球環境への貢献と、持続可能な社会の実現を目指します。,important,
,テクノロジー支援教育プログラムの展開,当社は、テクノロジーを活用した教育支援プログラムを、地域の学校に展開します。未来の創造者を育成することを目指します。,このプログラムでは、子どもたちにプログラミング、ロボット工学、AIの基礎を教えるワークショップを実施します。また、教育機関に最新のテクノロジー機器を提供し、学習環境の向上を支援します。当社は、技術教育を通じて次世代のイノベーター育成に貢献します。,press-release,
,次世代通信技術「QuantumNet」の開発進捗,当社は、革新的な次世代通信技術「QuantumNet」の開発を進めています。この技術により、データ通信の速度とセキュリティが大幅に向上します。,「QuantumNet」プロジェクトは、量子通信技術を基盤としており、従来の通信システムでは実現不可能だった速度とセキュリティを提供します。この技術は、ビジネスの効率化はもちろん、個人の日常生活においても大きな変革をもたらすことが期待されます。開発の最新情報については、当社ウェブサイトで随時更新していきます。,notice,
,国際技術協力プロジェクトの開始,当社は、複数の国と技術協力に関するプロジェクトを開始します。この取り組みにより、グローバルな技術革新の加速が期待されます。,当社は、国際的なパートナーシップを通じて、共同で技術開発プロジェクトを進めます。この協力関係は、AI、ロボット工学、自律システムなどの分野での共同研究を含み、技術的な課題の解決だけでなく、新たな市場の創出にも貢献します。プロジェクトの詳細と進捗は、当社ウェブサイトで報告されます。,press-release,
,経営戦略会議の開催と将来展望,当社は、経営戦略会議を開催し、今後の事業方針と技術開発の方向性について議論しました。,この会議では、AIとロボット工学の最新の進展を踏まえた上で、当社の長期的なビジョンと短期的な戦略が定義されました。また、持続可能な社会への貢献と、技術革新を通じた新たなビジネス機会の創出に向けた計画が立案されました。会議の詳細と決定事項は、内部向けに配布される報告書で共有されます。,important,
,新技術展示会への参加報告,当社は、最先端技術を展示する国際展示会に参加しました。当社のイノベーションとビジョンを共有しました。,この展示会では、当社の最新の研究成果と製品が幅広い観客に紹介されました。特に、自律システムとAIを活用した新製品は、多くの関心を集めました。展示会でのフィードバックと業界からの反響は、今後の製品開発と事業戦略に大いに役立ちます。展示会の様子と成果については、当社ウェブサイトで特集記事を公開します。,notice,
,社内技術イノベーションコンテストの結果発表,当社は、社内で開催された技術イノベーションコンテストの結果を発表します。創造性と技術革新が奨励されました。,このコンテストは、社員が新しいアイデアと技術ソリューションを競い合うイベントです。今年の優勝プロジェクトは、AIを活用したエネルギー管理システムで、効率的なエネルギー使用と環境保護に貢献します。コンテストを通じて、社内のイノベーション文化を促進し、技術開発への新たなアプローチを探求します。,notice,